time,user,host,query_time,lock_time,rows_send,rows_examined,query_string
2015-04-27 03:10:58,root[root],localhost,49.532116,0.000000,24596040,24596040,"SELECT /*!40001 SQL_NO_CACHE */ * FROM `t_student_errnote`; "
2015-04-27 03:11:16,root[root],localhost,17.884343,0.000000,7561041,7561041,"SELECT /*!40001 SQL_NO_CACHE */ * FROM `t_student_test`; "
2015-04-27 03:11:32,root[root],localhost,15.376260,0.000000,7156100,7156100,"SELECT /*!40001 SQL_NO_CACHE */ * FROM `t_student_test2`; "
2015-04-27 03:13:18,root[root],localhost,106.080609,0.000000,22172714,22172714,"SELECT /*!40001 SQL_NO_CACHE */ * FROM `t_student_test2_problem`; "
2015-04-27 03:13:51,root[root],localhost,29.862923,0.000000,11012485,11012485,"SELECT /*!40001 SQL_NO_CACHE */ * FROM `t_student_test_analysis`; "
2015-04-27 03:14:11,root[root],localhost,19.949371,0.000000,7534189,7534189,"SELECT /*!40001 SQL_NO_CACHE */ * FROM `t_student_test_chaparea`; "
2015-04-27 03:14:38,root[root],localhost,26.353315,0.000000,7794405,7794405,"SELECT /*!40001 SQL_NO_CACHE */ * FROM `t_student_test_chapter`; "
2015-04-27 03:15:39,root[root],localhost,61.487170,0.000000,21276595,21276595,"SELECT /*!40001 SQL_NO_CACHE */ * FROM `t_student_test_difficult`; "
2015-04-27 03:16:16,root[root],localhost,37.029266,0.000000,5997855,5997855,"SELECT /*!40001 SQL_NO_CACHE */ * FROM `t_student_test_errornote`; "
2015-04-27 03:19:18,root[root],localhost,181.940499,0.000000,33684261,33684261,"SELECT /*!40001 SQL_NO_CACHE */ * FROM `t_student_test_errornote_problem`; "
2015-04-27 03:24:20,root[root],localhost,301.626758,0.000000,74728282,74728282,"SELECT /*!40001 SQL_NO_CACHE */ * FROM `t_student_test_problem`; "
2015-04-27 03:25:02,root[root],localhost,42.174953,0.000000,14166710,14166710,"SELECT /*!40001 SQL_NO_CACHE */ * FROM `t_student_test_ptype2`; "
2015-04-27 03:26:22,root[root],localhost,75.039964,0.000000,4368670,4368670,"SELECT /*!40001 SQL_NO_CACHE */ * FROM `SDK_MMS_REPORT`; "
2015-04-27 03:26:50,root[root],localhost,27.564975,0.000000,4368647,4368647,"SELECT /*!40001 SQL_NO_CACHE */ * FROM `SDK_MMS_REPORT_DETAIL`; "
2015-04-27 03:28:12,root[root],localhost,81.563986,0.000000,10632381,10632381,"SELECT /*!40001 SQL_NO_CACHE */ * FROM `SDK_SMS_REPORT`; "
2015-04-27 03:29:12,root[root],localhost,60.051296,0.000000,10632358,10632358,"SELECT /*!40001 SQL_NO_CACHE */ * FROM `SDK_SMS_REPORT_DETAIL`; "
2015-04-27 03:29:31,root[root],localhost,18.369757,0.000000,3600310,3600310,"SELECT /*!40001 SQL_NO_CACHE */ * FROM `SMS_RESULT`; "
2015-04-27 03:29:36,root[root],localhost,5.020817,0.000000,904688,904688,"SELECT /*!40001 SQL_NO_CACHE */ * FROM `ks_question_progress`; "
2015-04-27 03:30:37,root[root],localhost,49.973072,0.000000,6587870,6587870,"SELECT /*!40001 SQL_NO_CACHE */ * FROM `tz_android_gcm_parent_sent_msg`; "
2015-04-27 03:31:09,root[root],localhost,31.260695,0.000000,7965022,7965022,"SELECT /*!40001 SQL_NO_CACHE */ * FROM `tz_android_gcm_parent_sent_msg_receiver`; "
2015-04-27 03:31:17,root[root],localhost,7.554395,0.000000,278559,278559,"SELECT /*!40001 SQL_NO_CACHE */ * FROM `tz_android_parent_qna_new`; "
2015-04-27 03:32:04,root[root],localhost,44.129923,0.000000,8350637,8350637,"SELECT /*!40001 SQL_NO_CACHE */ * FROM `tz_android_push_sent_201504`; "
2015-04-27 03:32:27,root[root],localhost,22.764214,0.000000,277213,277213,"SELECT /*!40001 SQL_NO_CACHE */ * FROM `tz_board`; "
2015-04-27 03:33:16,root[root],localhost,39.171852,0.000000,1257952,1257952,"SELECT /*!40001 SQL_NO_CACHE */ * FROM `tz_child_qna_new`; "
2015-04-27 03:33:29,root[root],localhost,11.258460,0.000000,861117,861117,"SELECT /*!40001 SQL_NO_CACHE */ * FROM `tz_chinese_learning`; "
2015-04-27 03:33:58,root[root],localhost,28.676531,0.000000,981401,981401,"SELECT /*!40001 SQL_NO_CACHE */ * FROM `tz_cms_contents`; "
2015-04-27 03:36:13,root[root],localhost,129.178618,0.000000,20444445,20444445,"SELECT /*!40001 SQL_NO_CACHE */ * FROM `tz_connect_log`; "
2015-04-27 03:36:42,root[root],localhost,11.899841,0.000000,4182350,4182350,"SELECT /*!40001 SQL_NO_CACHE */ * FROM `tz_ew_level_test_result_question`; "
2015-04-27 03:37:16,root[root],localhost,27.799785,0.000000,1834263,1834263,"SELECT /*!40001 SQL_NO_CACHE */ * FROM `tz_ew_user_learning`; "
2015-04-27 03:37:24,root[root],localhost,5.678155,0.000000,776789,776789,"SELECT /*!40001 SQL_NO_CACHE */ * FROM `tz_hpm_call_info`; "
2015-04-27 03:38:32,root[root],localhost,63.682351,0.000000,12636843,12636843,"SELECT /*!40001 SQL_NO_CACHE */ * FROM `tz_lcms_contents_read`; "
2015-04-27 03:38:44,root[root],localhost,11.799131,0.000000,6034587,6034587,"SELECT /*!40001 SQL_NO_CACHE */ * FROM `tz_lcms_contents_view`; "
2015-04-27 03:39:09,root[root],localhost,25.350729,0.000000,4547186,4547186,"SELECT /*!40001 SQL_NO_CACHE */ * FROM `tz_lcms_plan_math`; "
2015-04-27 03:48:43,root[root],localhost,573.413128,0.000000,64434069,64434069,"SELECT /*!40001 SQL_NO_CACHE */ * FROM `tz_lms_act_element`; "
2015-04-27 03:53:39,root[root],211.189.40.151,5.872482,0.000104,518,518,"show table status from `ishomedb`; "
2015-04-27 04:55:32,ishome[ishome],192.168.150.76,6.105234,0.000063,1,1702,"SELECT COUNT(history_no) AS given_cnt         FROM ishomedb.tz_point_history         WHERE student_id = 162426         AND guide_no = '100'; "
2015-04-27 05:09:09,root[root],localhost,4824.554500,0.000000,27322765,27322765,"SELECT /*!40001 SQL_NO_CACHE */ * FROM `tz_lms_act_module`; "
2015-04-27 05:09:44,root[root],localhost,35.488520,0.000000,2349153,2349153,"SELECT /*!40001 SQL_NO_CACHE */ * FROM `tz_lms_box`; "
2015-04-27 05:11:19,root[root],localhost,93.805515,0.000000,7517003,7517003,"SELECT /*!40001 SQL_NO_CACHE */ * FROM `tz_lms_consult`; "
2015-04-27 05:12:58,root[root],localhost,95.745571,0.000000,350166,350166,"SELECT /*!40001 SQL_NO_CACHE */ * FROM `tz_lms_monthly_report`; "
2015-04-27 05:14:02,root[root],localhost,64.111679,0.000000,5209571,5209571,"SELECT /*!40001 SQL_NO_CACHE */ * FROM `tz_lms_plan_course`; "
2015-04-27 05:14:11,root[root],localhost,8.852950,0.000000,2282821,2282821,"SELECT /*!40001 SQL_NO_CACHE */ * FROM `tz_lms_plan_course_log`; "
2015-04-27 05:27:18,root[root],localhost,786.801310,0.000000,66005546,66005546,"SELECT /*!40001 SQL_NO_CACHE */ * FROM `tz_lms_plan_module`; "
2015-04-27 05:29:16,root[root],localhost,116.845365,0.000000,9605634,9605634,"SELECT /*!40001 SQL_NO_CACHE */ * FROM `tz_lms_plan_theme`; "
2015-04-27 05:29:36,root[root],localhost,16.491786,0.000000,254879,254879,"SELECT /*!40001 SQL_NO_CACHE */ * FROM `tz_mail_send`; "
2015-04-27 05:29:54,root[root],localhost,17.533936,0.000000,246244,246244,"SELECT /*!40001 SQL_NO_CACHE */ * FROM `tz_mail_target`; "
2015-04-27 05:29:59,root[root],localhost,5.016877,0.000000,707955,707955,"SELECT /*!40001 SQL_NO_CACHE */ * FROM `tz_math_result`; "
2015-04-27 05:30:38,root[root],localhost,38.417032,0.000000,2935673,2935673,"SELECT /*!40001 SQL_NO_CACHE */ * FROM `tz_math_result_detail`; "
2015-04-27 05:30:47,root[root],localhost,8.931167,0.000000,591205,591205,"SELECT /*!40001 SQL_NO_CACHE */ * FROM `tz_member`; "
2015-04-27 05:30:58,root[root],localhost,11.438409,0.000000,6813176,6813176,"SELECT /*!40001 SQL_NO_CACHE */ * FROM `tz_message_detail`; "
2015-04-27 05:31:05,root[root],localhost,6.096304,0.000000,636248,636248,"SELECT /*!40001 SQL_NO_CACHE */ * FROM `tz_message_info`; "
2015-04-27 05:31:11,root[root],localhost,6.071751,0.000000,3811354,3811354,"SELECT /*!40001 SQL_NO_CACHE */ * FROM `tz_message_resource`; "
2015-04-27 05:34:07,root[root],localhost,169.399264,0.000000,41932489,41932489,"SELECT /*!40001 SQL_NO_CACHE */ * FROM `tz_point_history`; "
2015-04-27 05:34:52,root[root],localhost,44.619014,0.000000,11124310,11124310,"SELECT /*!40001 SQL_NO_CACHE */ * FROM `tz_point_history_2011_2013`; "
2015-04-27 05:34:59,root[root],localhost,5.632129,0.000000,344289,344289,"SELECT /*!40001 SQL_NO_CACHE */ * FROM `tz_purchase`; "
2015-04-27 05:35:14,root[root],localhost,15.151937,0.000000,1125422,1125422,"SELECT /*!40001 SQL_NO_CACHE */ * FROM `tz_purchase_batch`; "
2015-04-27 05:37:19,root[root],localhost,110.425164,0.000000,18674742,18674742,"SELECT /*!40001 SQL_NO_CACHE */ * FROM `tz_sms_send`; "
2015-04-27 05:37:58,root[root],localhost,39.270045,0.000000,75246,75246,"SELECT /*!40001 SQL_NO_CACHE */ * FROM `tz_split_paid`; "
2015-04-27 05:39:52,root[root],localhost,94.911684,0.000000,11361431,11361431,"SELECT /*!40001 SQL_NO_CACHE */ * FROM `tz_student_attendance`; "
2015-04-27 05:40:23,root[root],localhost,25.134282,0.000000,2616695,2616695,"SELECT /*!40001 SQL_NO_CACHE */ * FROM `tz_study_complete`; "
2015-04-27 05:40:30,root[root],localhost,6.193175,0.000000,1658784,1658784,"SELECT /*!40001 SQL_NO_CACHE */ * FROM `tz_sulmun_vote_detail`; "
2015-04-27 05:40:49,root[root],localhost,12.761492,0.000000,5834931,5834931,"SELECT /*!40001 SQL_NO_CACHE */ * FROM `tz_zipcode_street`; "
2015-04-27 06:18:08,ishome[ishome],192.168.150.75,9.721430,0.000966,0,0,"SELECT x.board_num               ,ADDDATE(DATE_FORMAT(x.reg_dt, '%Y%m%d'), x.new_days) - DATE_FORMAT(NOW(), '%Y%m%d') AS new_day               ,x.nm /* 게시글구분 - 1(공지글), 2(게시글) */               ,x.master_no               ,x.board_no               ,x.category_no               ,x.upper_no               ,x.ref_sort /* 답변정렬순서 */               ,x.ref_lvl /* 답변 레벨 */               ,x.title               ,x.content               ,x.top_yn /* 최상단 표시 여부 */               ,x.use_yn               ,x.summary               ,x.file_attach_cnt               ,IFNULL(x.read_cnt, 0) AS read_cnt               ,x.view_gbn /* 공개여부 */               ,x.reg_id               ,x.reg_dt               ,DATE_FORMAT(x.reg_dt, '%Y.%m.%d')as reg_date               ,x.user_nm               ,upd.nm_kor as nm_kor_upd               ,x.main_team               ,x.status /* 처리상황 */               ,(SELECT category_nm FROM ishomedb.tz_board_category WHERE category_no = x.category_no AND master_no = x.master_no) AS category_nm               ,(SELECT sort FROM ishomedb.tz_board_category WHERE category_no = x.category_no AND master_no = x.master_no) AS sort               ,mem.nm_kor               ,mem.login_id               ,mem.addr1               ,x.count_no /* 게시물 답변 갯수 */               ,x.recom_cnt               ,x.down_cnt               ,(SELECT DISTINCT upload_seq FROM ishomedb.tz_education_column_simage_file_seq WHERE upload_seq = x.sub_thumbnail_file_seq) AS sub_thumbnail_upload_seq /* 메인 썸네일 업로드 일련번호 */               ,(SELECT DISTINCT file_seq FROM ishomedb.tz_education_column_simage_file_seq WHERE upload_seq = x.sub_thumbnail_file_seq) AS sub_thumbnail_file_seq /* 메인 썸네일 파일 일련번호 */               ,upb.reg_id AS upper_reg_id               ,x.board_cnt               ,x.nickname               ,x.read_auth               ,x.sub_category_no               ,DATE_FORMAT(x.upd_dt, '%Y.%m.%d') as upd_date               ,x.upd_dt         FROM (             SELECT 1 AS nm                   ,NULL AS board_num                              ,bm.new_days                   ,b.master_no                   ,b.board_no                   ,b.category_no                   ,b.upper_no                   ,b.ref_sort                   ,b.ref_lvl                   ,b.title                   ,b.content                    ,b.top_yn                   ,b.summary                   ,b.file_seq                   ,b.file_attach_cnt                   ,b.sub_thumbnail_file_seq                   ,b.read_cnt                   ,b.view_gbn                   ,b.use_yn                   ,b.reg_id                   ,b.reg_dt                   ,b.upd_id                   ,b.user_nm                   ,c.code_nm as main_team                   ,b.status                   ,b.read_auth                   ,b.upd_dt                   ,p.nickname                   ,(SELECT COUNT(1) FROM tz_board_recommend WHERE board_no = b.board_no) AS recom_cnt                   ,(SELECT SUM(download_cnt) FROM ishomedb.tz_board_file_seq WHERE upload_seq = b.file_seq) AS down_cnt                   ,(SELECT COUNT(1) FROM tz_board_comment WHERE board_no = b.board_no) AS board_cnt                   ,(SELECT COUNT(1) FROM ishomedb.tz_board WHERE upper_no = b.upper_no) AS count_no /* 게시물 답변 갯수 */                   ,b.sub_category_no             FROM ishomedb.tz_board b             LEFT JOIN ishomedb.tz_code c             ON b.main_team = c.code_no             AND c.code_gbn = '10168'             LEFT OUTER JOIN ishomedb.tz_board_master bm             ON b.master_no = bm.master_no             LEFT JOIN ishomedb.tz_profile p             ON b.reg_id = p.reg_id             WHERE b.top_yn = 'Y'                  AND b.master_no = '5'                      UNION ALL                      (SELECT 2 AS nm                             ,'-' AS board_num                                  ,bm.new_days                   ,b.master_no                   ,b.board_no                   ,b.category_no                   ,b.upper_no                   ,b.ref_sort                   ,b.ref_lvl                   ,b.title                   ,b.content                        ,b.top_yn                   ,b.summary                   ,b.file_seq                   ,b.file_attach_cnt                   ,b.sub_thumbnail_file_seq                   ,b.read_cnt                   ,IF(ref_lvl >= 1, (                       SELECT view_gbn FROM ishomedb.tz_board WHERE board_no = ABS(b.upper_no)                    ), view_gbn) AS view_gbn /* 답변글일 경우 상위 글의 공개 여부를 가져옴 */                   ,b.use_yn                   ,b.reg_id                   ,b.reg_dt                   ,b.upd_id                   ,b.user_nm                    ,c.code_nm                   ,b.status                   ,b.read_auth                   ,b.upd_dt                   ,p.nickname                   ,(SELECT COUNT(1) FROM tz_board_recommend WHERE board_no = b.board_no) AS recom_cnt                   ,(SELECT SUM(download_cnt) FROM ishomedb.tz_board_file_seq WHERE upload_seq = b.file_seq) AS down_cnt                   ,(SELECT COUNT(1) FROM tz_board_comment WHERE board_no = b.board_no) AS board_cnt                   ,(SELECT COUNT(1) FROM ishomedb.tz_board WHERE upper_no = b.upper_no) AS count_no /* 게시물 답변 갯수 */                   ,b.sub_category_no             FROM ishomedb.tz_board b             LEFT JOIN ishomedb.tz_member m             ON b.reg_id = m.user_id             LEFT JOIN ishomedb.tz_member mu             ON b.upd_id = mu.user_id             LEFT JOIN ishomedb.tz_code c             ON b.main_team = c.code_no             AND c.code_gbn = '10168'             LEFT JOIN ishomedb.tz_board_master bm             ON b.master_no = bm.master_no             AND bm.master_no = '5'             LEFT JOIN ishomedb.tz_profile p             ON b.reg_id = p.reg_id                                                                  WHERE  IFNULL(b.top_yn, 'N') = 'N'                                                            AND b.use_yn = 'Y'                                                        AND b.master_no = '5'                                                    AND b.reg_id = null                                                                                                                                         AND (b.use_yn != 'N' OR b.use_yn = '' OR b.use_yn IS NULL) /* 답변글일 경우 상위 글의 공개 여부를 가져옴 */                                  ORDER BY b.upper_no, b.ref_sort                             LIMIT 0, 20             )         ) x         LEFT OUTER JOIN tz_member mem         ON x.reg_id = mem.user_id         LEFT OUTER JOIN tz_member upd         ON x.upd_id = upd.user_id         INNER JOIN tz_board upb         ON ABS(x.upper_no) = upb.board_no                       ORDER BY nm, upper_no, ref_sort; "
2015-04-27 07:42:39,ishome[ishome],192.168.150.76,10.168230,0.000272,41,90381,"SELECT  distinct a.contents_no, b.objectname_kor, b.thumb_path          FROM   ishomedb.tz_cms_contents_code a          INNER  JOIN ishomedb.tz_cms_contents b          ON     a.contents_no = b.contents_no          INNER JOIN ishomedb.tz_cms_common_code c          ON a.codeid = c.codeid                     INNER  JOIN( 		      SELECT  a.contents_no 		      FROM   ishomedb.tz_cms_contents_code a 		      INNER  JOIN ishomedb.tz_cms_contents b 		      ON     a.contents_no = b.contents_no 		      INNER JOIN  		      ( 		      	SELECT DISTINCT CODEID 			      FROM ( 			      SELECT A.codeid FROM ishomedb.tz_cms_common_code A, (SELECT codeid FROM ishomedb.tz_cms_common_code WHERE parentid = '9287' or codeid = '9287') B 			       WHERE A.PARENTID = B.CODEID 			       or A.CODEID = B.CODEID 			    ) DD   		      ) 		      c 		      ON a.codeid = c.codeid                       		      WHERE b.pic_level = '1' 		      AND a.contents_type = '9'           ) cate          ON a.contents_no = cate.contents_no                      WHERE (c.parentid ='901' OR c.codeid = '901') 	          	                    	AND b.pic_level = '1'                   AND a.contents_type = '1' /* 지역 */         AND b.status = '승인'         AND b.media_type = 'JPG'         order by a.CONTENTS_CODE_NO asc; "
2015-04-27 08:32:27,ishome[ishome],220.117.172.107,60.404158,0.001096,43923,70185526,"SELECT  	s_mem.nm_kor AS 학생명     ,s_mem.login_id AS 학생아이디     ,t2.team_nm AS 팀명     ,t1.part_nm AS 파트명     ,t_mem.nm_kor AS 관리교사명     ,IFNULL(grp.group_nm, '미배정') AS 그룹     ,ishomedb.uf_code_grade_nm(stu.grade_gbn) AS 학년     ,(SELECT MIN(plan_de) FROM ishomedb.tz_lms_plan_module WHERE student_no = stu.student_no) AS 학습계획시작일     ,(SELECT MAX(plan_de) FROM ishomedb.tz_lms_plan_module WHERE student_no = stu.student_no) AS 학습계획종료일     ,(SELECT MAX(date_format(reg_dt,'%Y-%m-%d')) FROM ishomedb.tz_lms_plan_course WHERE student_no = stu.student_no) AS 최근계획수정일     ,uf_code_nm(10218,dev.device_gbn) as 단말기구분     ,pro.product_nm AS 상품명     ,ps.purchase_no AS 현재상품주문번호      ,stu.start_de as 학습시작일     ,stu.end_de as 학습마감일     ,CONCAT(p_mem.tel1,'-',p_mem.tel2,'-',p_mem.tel3) as 학부모집전화     ,CONCAT(p_mem.mobile1,'-',p_mem.mobile2,'-',p_mem.mobile3) as 학부모핸드폰번호     ,CONCAT(s_mem.mobile1,'-',s_mem.mobile2,'-',s_mem.mobile3) as 학생핸드폰번호     ,CASE ((date_format(stu.pause_de, '%Y%m%d') <= date_format(NOW(), '%Y%m%d'))        AND (date_format(stu.restart_de, '%Y%m%d') >= date_format(NOW(), '%Y%m%d')))       WHEN true THEN '휴회중'       ELSE '-' END AS 휴회여부     ,p_mem.addr1 as 학부모주소     ,p_mem.addr2 as 학부모상세주소     ,IFNULL(gcm.gcm_status, 'N') as 학부모앱사용여부     ,dev.serial_no AS '시리얼번호'     ,(SELECT d2.serial_no        FROM tz_cmpc_macaddress_log cml       LEFT OUTER JOIN tz_device d2       ON cml.cmpc_mac_addr1 = d2.mac_address       WHERE student_no = stu.student_no        AND  LENGTH(cml.cmpc_mac_addr1) between 1 and 15        ORDER BY cml.reg_dt DESC       limit 1) as 최종맥로그인시리얼        FROM tz_student stu  LEFT JOIN tz_purchase_student ps ON stu.student_id = ps.student_id LEFT JOIN tz_purchase pur ON ps.purchase_no = pur.purchase_no LEFT JOIN tz_member s_mem ON stu.student_id = s_mem.user_id LEFT JOIN tz_member p_mem ON s_mem.parent_id = p_mem.user_id LEFT JOIN tz_teacher tea ON stu.teacher_id = tea.teacher_id LEFT JOIN tz_member t_mem ON stu.teacher_id = t_mem.user_id LEFT JOIN tz_teacher_team_part t1 ON tea.part_no = t1.part_no LEFT JOIN tz_teacher_team t2 ON t1.team_no = t2.team_no LEFT JOIN tz_student_group grp ON stu.group_no = grp.group_no LEFT JOIN tz_product pro ON pur.product_no = pro.product_no LEFT JOIN ishomedb.tz_android_gcm_parent gcm  ON gcm.user_id = p_mem.user_id LEFT JOIN ishomedb.tz_device dev ON ps.purchase_no=dev.purchase_no WHERE stu.end_de IS NOT NULL 	AND pur.status_gbn != '10010'     AND stu.end_de >= date_format(NOW(),'%Y-%m-%d')       GROUP BY stu.student_no; "
2015-04-27 20:32:05,ishome[ishome],192.168.150.76,236.961819,0.000913,5,43259429,"SELECT             point             , comment             , reg_dt             , show_yn             , top_yn             , nm_kor             , login_id         FROM             (                           (SELECT                 tph.point                 , uf_common_replaceHTML(tph.comment) AS comment                 , date_format(tph.reg_dt,'%y.%m.%d') AS reg_dt                 , tph.show_yn                 , tph.top_yn                 , tm.nm_kor                 , tm.login_id             FROM                 ishomedb.tz_point_history tph                                   	INNER JOIN ( 	                select nm_kor, login_id, user_id 	                from ishomedb.tz_member 	                  					 ) tm ON tph.student_id = tm.user_id                 	                                      WHERE tph.guide_no = '136'                             AND tph.comment IS NOT NULL                 AND tph.show_yn = 'Y'                           ORDER BY                 tph.history_no DESC             LIMIT 485, 5))             history; "
2015-04-28 03:29:39,root[root],localhost,5.021181,0.000000,639750,639750,"SELECT /*!40001 SQL_NO_CACHE */ * FROM `ks_question_result`; "
2015-04-28 04:48:40,ishome[ishome],192.168.150.75,5.320781,0.000163,1,1905,"SELECT            (SELECT sum(point) AS point FROM ishomedb.tz_point_history WHERE student_id = 506321) as totalPoint          ,(SELECT sum(point) AS point FROM ishomedb.tz_point_history WHERE student_id = 506321 and CONVERT(DATE_FORMAT(reg_dt, '%Y%m%d'), CHAR(8)) = CONVERT(DATE_FORMAT(now(), '%Y%m%d'), CHAR(8))) as todayPoint     FROM ishomedb.tz_member where user_id = 506321; "
2015-04-28 17:58:03,ishome[ishome],192.168.150.76,57.420241,0.002060,96,188242,"SELECT student_no               ,student_id               ,parent_id               ,teacher_id               ,group_nm               ,grade_gbn               ,gender                              ,user_id               ,login_id               ,p_login_id               ,p_nm_kor               ,nm_kor               ,tel               ,mobile               ,blacklist_yn               ,manage_start_de               ,start_de               ,end_de               ,pur_start_de               ,pur_end_de               ,product_no               ,last_dt               ,student_consult_dt               ,student_consult_gbn               ,student_consult_content               ,parent_consult_dt               ,parent_consult_gbn               ,parent_consult_content               ,product_nm               ,status               ,plan_cnt + math_plan_cnt + theme_plan_cnt AS plan_cnt               ,act_cnt + math_act_cnt + theme_act_cnt AS act_cnt               ,CASE WHEN plan_cnt + math_plan_cnt + theme_plan_cnt = 0 THEN ''                      WHEN plan_cnt + math_plan_cnt + theme_plan_cnt = act_cnt + math_act_cnt + theme_act_cnt THEN 'O'                     WHEN act_cnt + math_act_cnt + theme_act_cnt = 0 THEN 'X'                     ELSE 'U'                END AS study_status                   ,              (SELECT stat_day19 FROM tz_stat_lms_study_complete_mgnt WHERE student_no = A.student_no AND plan_month = '2015-04')                      as stat_day1         ,              (SELECT stat_day20 FROM tz_stat_lms_study_complete_mgnt WHERE student_no = A.student_no AND plan_month = '2015-04')                      as stat_day2         ,              (SELECT stat_day21 FROM tz_stat_lms_study_complete_mgnt WHERE student_no = A.student_no AND plan_month = '2015-04')                      as stat_day3         ,              (SELECT stat_day22 FROM tz_stat_lms_study_complete_mgnt WHERE student_no = A.student_no AND plan_month = '2015-04')                      as stat_day4         ,              (SELECT stat_day23 FROM tz_stat_lms_study_complete_mgnt WHERE student_no = A.student_no AND plan_month = '2015-04')                      as stat_day5         ,              (SELECT stat_day24 FROM tz_stat_lms_study_complete_mgnt WHERE student_no = A.student_no AND plan_month = '2015-04')                      as stat_day6         ,              (SELECT stat_day25 FROM tz_stat_lms_study_complete_mgnt WHERE student_no = A.student_no AND plan_month = '2015-04')                      as stat_day7         ,              (SELECT stat_day26 FROM tz_stat_lms_study_complete_mgnt WHERE student_no = A.student_no AND plan_month = '2015-04')                      as stat_day8         ,              (SELECT stat_day27 FROM tz_stat_lms_study_complete_mgnt WHERE student_no = A.student_no AND plan_month = '2015-04')                      as stat_day9         ,              (SELECT stat_day28 FROM tz_stat_lms_study_complete_mgnt WHERE student_no = A.student_no AND plan_month = '2015-04')                      as stat_day10         ,              '-'                       as stat_day11         ,                         '-'                       as stat_day12         ,                         '-'                      as stat_day13         ,              '-'                       as stat_day14                       FROM (               SELECT a.student_no                   ,a.student_id                   ,c.parent_id                   ,a.teacher_id                   ,IFNULL((SELECT group_nm FROM ishomedb.tz_student_group WHERE group_no = a.group_no), '미지정') AS group_nm                   ,a.grade_gbn                   ,CASE WHEN c.gender = 'M' THEN '남'                         WHEN c.gender = 'F' THEN '여'                         ELSE '-'                   END AS gender                                  ,c.user_id                   ,c.login_id                   ,p.login_id AS p_login_id                   ,p.nm_kor AS p_nm_kor                   ,c.nm_kor                   ,CONCAT(c.tel1,'-',c.tel2,'-',c.tel3) AS tel                   ,CONCAT(c.mobile1,'-',c.mobile2,'-',c.mobile3) AS mobile                   ,c.blacklist_yn                   ,IFNULL(a.manage_start_de,'9999.99.99') as manage_start_de                   ,DATE_FORMAT(a.start_de, '%Y.%m.%d') AS start_de                   ,DATE_FORMAT(a.end_de, '%Y.%m.%d') AS end_de                   ,DATE_FORMAT(pur.start_de, '%Y.%m.%d') AS pur_start_de                   ,DATE_FORMAT(pur.end_de, '%Y.%m.%d') AS pur_end_de                   ,pur.product_no                   ,(SELECT MAX(login_dt)   FROM ishomedb.tz_connect_log WHERE user_id = a.student_id) AS last_dt                   ,(SELECT MAX(consult_org_dt) FROM ishomedb.tz_lms_consult                      WHERE student_no = a.student_no                      AND target_id=c.user_id                      AND content IS NOT NULL) AS student_consult_dt                 ,(SELECT code.code_nm                      FROM ishomedb.tz_lms_consult con                     LEFT JOIN tz_code code                     ON con.consult_gbn = code.code_no                     AND code.code_gbn = '10130'                     WHERE con.student_no = a.student_no AND target_id=c.user_id                      AND con.content IS NOT NULL                     ORDER BY con.consult_org_dt DESC                     LIMIT 1                  ) AS student_consult_gbn                 ,(SELECT substring(content, 1, 30)                      FROM ishomedb.tz_lms_consult                      WHERE student_no = a.student_no AND target_id=c.user_id                     AND content IS NOT NULL                     ORDER BY consult_org_dt DESC                     LIMIT 1                  ) AS student_consult_content                         ,(SELECT MAX(consult_org_dt) FROM ishomedb.tz_lms_consult                      WHERE student_no = a.student_no                      AND target_id=p.user_id                       AND content IS NOT NULL) AS parent_consult_dt                 ,(SELECT code.code_nm                      FROM ishomedb.tz_lms_consult con                     LEFT JOIN tz_code code                     ON con.consult_gbn = code.code_no                     AND code.code_gbn = '10130'                     WHERE con.student_no = a.student_no AND target_id=p.user_id                     AND con.content IS NOT NULL                     ORDER BY con.consult_org_dt DESC                     LIMIT 1                  ) AS parent_consult_gbn                 ,(SELECT substring(content, 1, 30)                      FROM ishomedb.tz_lms_consult                      WHERE student_no = a.student_no AND target_id=p.user_id                     AND content IS NOT NULL                     ORDER BY consult_org_dt DESC                     LIMIT 1                  ) AS parent_consult_content                   ,ishomedb.uf_study_product_nm(a.student_no) as product_nm                   ,CASE WHEN c.user_gbn_cls = '10004' THEN   /* 안드로이드 사용자 접속 정보 */                         'Android'                         WHEN COALESCE(s.user_id, -1) > 0 THEN 'ON'                          ELSE 'OFF'                     END AS status                                      ,COUNT(DISTINCT lpm.module_no) AS plan_cnt                   ,COUNT(DISTINCT lph.category_no) AS math_plan_cnt                   ,COUNT(DISTINCT lpt.material_no) AS theme_plan_cnt                   ,COUNT(DISTINCT lam.clear_dt) AS act_cnt                   ,COUNT(DISTINCT lph.clear_dt) AS math_act_cnt                   ,COUNT(DISTINCT lpt.clear_dt) AS theme_act_cnt                   ,tee.app_reason             FROM ishomedb.tz_student a                             	            INNER JOIN ishomedb.tz_purchase_student pch 	            ON a.student_no = pch.temp_student_no 	            INNER JOIN ishomedb.tz_purchase pur 	            ON pch.purchase_no = pur.purchase_no 	            INNER JOIN tz_product pd 	            ON pur.product_no = pd.product_no 	                                        AND pd.service_com_yn = 'Y'                               INNER JOIN ishomedb.tz_member c             ON a.student_id = c.user_id             INNER JOIN ishomedb.tz_member p             ON p.user_id = c.parent_id             INNER JOIN ishomedb.tz_teacher d             ON a.teacher_id = d.teacher_id             LEFT OUTER JOIN ishomedb.tz_connect_session s             ON a.student_id = s.user_id             LEFT OUTER JOIN ishomedb.tz_lms_plan_module lpm             ON lpm.student_no = a.student_no             AND DATE_FORMAT(DATE_ADD(NOW(), INTERVAL -1 DAY), '%Y%m%d') = DATE_FORMAT(lpm.plan_de, '%Y%m%d')             LEFT OUTER JOIN ishomedb.tz_lms_module lm             ON lm.module_no = lpm.module_no             LEFT OUTER JOIN ishomedb.tz_lms_act_module lam             ON lam.module_no = lm.module_no             AND lpm.plan_de = lam.plan_de             AND lpm.student_no = lam.student_no             LEFT OUTER JOIN ishomedb.tz_lcms_study_lesson lsl             ON lsl.subj_lesson_no = lm.subj_lesson_no             LEFT OUTER JOIN ishomedb.tz_lcms_plan_math lph             ON lpm.student_no = lph.student_no             AND lpm.plan_de = lph.plan_de             LEFT OUTER JOIN ishomedb.tz_lms_plan_theme lpt             ON lpm.student_no = lpt.student_no             AND lpm.plan_de = lpt.plan_de             LEFT OUTER JOIN ishomedb.tz_experience tee              ON tee.purchase_no = pur.purchase_no and tee.parent_id = pur.purchase_no and tee.student_id = pur.student_id                            WHERE               c.search_yn = 'Y'             AND a.teacher_id = 25897             AND IFNULL(c.user_gbn_cls, '10001') != '10002'                                	             	              	                AND ( 	                    a.end_de is not null 	                    AND 	                    date_format(a.end_de, '%Y%m%d')   >=   date_format(NOW(), '%Y%m%d') 	                )  	                  	                                                                                                                                                                                                                                              GROUP BY a.student_no         ) A           ORDER BY manage_start_de DESC; "
2015-04-28 20:19:40,ishome[ishome],192.168.150.76,16.305762,0.000141,6,18026948,"SELECT             point             , comment             , reg_dt             , show_yn             , top_yn             , nm_kor             , login_id         FROM             (                           (SELECT                 tph.point                 , uf_common_replaceHTML(tph.comment) AS comment                 , date_format(tph.reg_dt,'%y.%m.%d') AS reg_dt                 , tph.show_yn                 , tph.top_yn                 , tm.nm_kor                 , tm.login_id             FROM                 ishomedb.tz_point_history tph                                   	INNER JOIN                  	ishomedb.tz_member tm ON tph.student_id = tm.user_id                 	                                      WHERE tph.guide_no = '83'                             AND tph.comment IS NOT NULL                 AND tph.show_yn = 'Y'                           ORDER BY                 tph.history_no DESC             LIMIT 0, 6))             history; "
2015-04-29 03:32:33,root[root],localhost,5.126885,0.000000,448639,448639,"SELECT /*!40001 SQL_NO_CACHE */ * FROM `tz_callservice`; "
2015-04-29 05:18:43,ishome[ishome],192.168.150.40,9.708944,0.000073,1,23772,"SELECT COUNT(ec.useq) as cnt         FROM ishomedb.tz_event_comment ec         LEFT JOIN ishomedb.tz_member reg_mem         ON reg_mem.user_id = ec.reg_id         WHERE ec.event_no = '120'; "
2015-04-30 07:37:41,ishome[ishome],192.168.150.40,16.084214,0.000266,18,54113,"SELECT  distinct a.contents_no, b.objectname_kor, b.thumb_path          FROM   ishomedb.tz_cms_contents_code a          INNER  JOIN ishomedb.tz_cms_contents b          ON     a.contents_no = b.contents_no          INNER JOIN ishomedb.tz_cms_common_code c          ON a.codeid = c.codeid                     INNER  JOIN(                       SELECT  a.contents_no                       FROM   ishomedb.tz_cms_contents_code a                       INNER  JOIN ishomedb.tz_cms_contents b                       ON     a.contents_no = b.contents_no                       INNER JOIN                        ( 	                      SELECT DISTINCT CODEID 					    	FROM ( 					       SELECT A.codeid FROM ishomedb.tz_cms_common_code A, (SELECT codeid FROM ishomedb.tz_cms_common_code WHERE parentid = '9293' or codeid = '9293') B 					       WHERE A.PARENTID = B.CODEID 					       or A.CODEID = B.CODEID 					      ) DD                        )                       c                       ON a.codeid = c.codeid                                             WHERE b.pic_level = '1'                       AND a.contents_type = '9'           ) cate          ON a.contents_no = cate.contents_no                                   WHERE   c.parentid ='867' OR c.codeid = '867'                     AND b.pic_level = '1'         AND a.contents_type = '1' /* 지역 */         AND b.status = '승인'         AND b.media_type = 'JPG'         order by a.CONTENTS_CODE_NO asc; "
2015-04-30 10:51:57,ishome[ishome],220.117.172.107,16.822249,0.000625,546,546,"select title as 제목, uf_common_removeHTMLTags(replace(replace(replace(replace(replace(replace(content, '\r', ''), '&gt;', ''), '&lt;', ''), '&nbsp;', ''), '&ldquo;', ''), '&rdquo;', '')) as 상세내용, reg_dt as 작성일 from tz_board where master_no=68; "
2015-05-01 03:31:51,root[root],localhost,5.146020,0.000000,911447,911447,"SELECT /*!40001 SQL_NO_CACHE */ * FROM `tz_android_push_sent`; "
2015-05-01 08:26:56,ishome[ishome],220.117.172.107,6.301908,0.000139,520,520,"SHOW TABLE STATUS FROM `ishomedb`; "
2015-05-03 05:34:23,ishome[ishome],192.168.150.76,6.965707,0.001329,15,11726,"SELECT x.board_num               ,ADDDATE(DATE_FORMAT(x.reg_dt, '%Y%m%d'), x.new_days) - DATE_FORMAT(NOW(), '%Y%m%d') AS new_day               ,x.nm /* 게시글구분 - 1(공지글), 2(게시글) */               ,x.master_no               ,x.board_no               ,x.category_no               ,x.upper_no               ,x.ref_sort /* 답변정렬순서 */               ,x.ref_lvl /* 답변 레벨 */               ,x.title               ,x.content               ,x.top_yn /* 최상단 표시 여부 */               ,x.use_yn               ,x.summary               ,x.file_attach_cnt               ,IFNULL(x.read_cnt, 0) AS read_cnt               ,x.view_gbn /* 공개여부 */               ,x.reg_id               ,x.reg_dt               ,DATE_FORMAT(x.reg_dt, '%Y.%m.%d')as reg_date               ,x.user_nm               ,upd.nm_kor as nm_kor_upd               ,x.main_team               ,x.status /* 처리상황 */               ,x.as_status /* AS증상 */               ,(SELECT category_nm FROM ishomedb.tz_board_category WHERE category_no = x.category_no AND master_no = x.master_no) AS category_nm               ,(SELECT sort FROM ishomedb.tz_board_category WHERE category_no = x.category_no AND master_no = x.master_no) AS sort               ,mem.nm_kor               ,mem.login_id               ,mem.addr1               ,x.count_no /* 게시물 답변 갯수 */               ,x.recom_cnt               ,x.down_cnt               ,(SELECT DISTINCT upload_seq FROM ishomedb.tz_education_column_simage_file_seq WHERE upload_seq = x.sub_thumbnail_file_seq) AS sub_thumbnail_upload_seq /* 메인 썸네일 업로드 일련번호 */               ,(SELECT DISTINCT file_seq FROM ishomedb.tz_education_column_simage_file_seq WHERE upload_seq = x.sub_thumbnail_file_seq) AS sub_thumbnail_file_seq /* 메인 썸네일 파일 일련번호 */               ,upb.reg_id AS upper_reg_id               ,x.board_cnt               ,x.nickname               ,x.read_auth               ,x.sub_category_no               ,DATE_FORMAT(x.upd_dt, '%Y.%m.%d') as upd_date               ,x.upd_dt         FROM (             SELECT 1 AS nm                   ,NULL AS board_num                              ,bm.new_days                   ,b.master_no                   ,b.board_no                   ,b.category_no                   ,b.upper_no                   ,b.ref_sort                   ,b.ref_lvl                   ,b.title                   ,b.content                    ,b.top_yn                   ,b.summary                   ,b.file_seq                   ,b.file_attach_cnt                   ,b.sub_thumbnail_file_seq                   ,b.read_cnt                   ,b.view_gbn                   ,b.use_yn                   ,b.reg_id                   ,b.reg_dt                   ,b.upd_id                   ,b.user_nm                   ,c.code_nm as main_team                   ,b.status                   ,b.as_status                   ,b.read_auth                   ,b.upd_dt                   ,p.nickname                   ,(SELECT COUNT(1) FROM tz_board_recommend WHERE board_no = b.board_no) AS recom_cnt                   ,(SELECT SUM(download_cnt) FROM ishomedb.tz_board_file_seq WHERE upload_seq = b.file_seq) AS down_cnt                   ,(SELECT COUNT(1) FROM tz_board_comment WHERE board_no = b.board_no) AS board_cnt                   ,(SELECT COUNT(1) FROM ishomedb.tz_board WHERE upper_no = b.upper_no) AS count_no /* 게시물 답변 갯수 */                   ,b.sub_category_no             FROM ishomedb.tz_board b             LEFT JOIN ishomedb.tz_code c             ON b.main_team = c.code_no             AND c.code_gbn = '10168'             LEFT OUTER JOIN ishomedb.tz_board_master bm             ON b.master_no = bm.master_no             LEFT JOIN ishomedb.tz_profile p             ON b.reg_id = p.reg_id             WHERE b.top_yn = 'Y'                  AND b.master_no = '70'                      UNION ALL                      (SELECT 2 AS nm                             ,((          SELECT COUNT(b.board_no)         FROM ishomedb.tz_board b         LEFT JOIN tz_member m         ON b.reg_id = m.user_id         LEFT JOIN tz_member mu         ON b.upd_id = mu.user_id         LEFT JOIN tz_code c         ON b.main_team = c.code_no         AND c.code_gbn = '10168'         LEFT JOIN ishomedb.tz_profile p         ON b.reg_id = p.reg_id         INNER JOIN tz_board upb         ON ABS(b.upper_no) = upb.board_no                    WHERE  IFNULL(b.top_yn, 'N') = 'N'                                                    AND b.master_no = '70'                                                                                                                                                                                             AND (b.use_yn != 'N' OR b.use_yn = '' OR b.use_yn IS NULL) /* 답변글일 경우 상위 글의 공개 여부를 가져옴 */             ) - 0 - (@rownum := @rownum + 1)) + 1 AS board_num /*게시글일련번호*/                                  ,bm.new_days                   ,b.master_no                   ,b.board_no                   ,b.category_no                   ,b.upper_no                   ,b.ref_sort                   ,b.ref_lvl                   ,b.title                   ,b.content                        ,b.top_yn                   ,b.summary                   ,b.file_seq                   ,b.file_attach_cnt                   ,b.sub_thumbnail_file_seq                   ,b.read_cnt                   ,IF(ref_lvl >= 1, (                       SELECT view_gbn FROM ishomedb.tz_board WHERE board_no = ABS(b.upper_no)                    ), view_gbn) AS view_gbn /* 답변글일 경우 상위 글의 공개 여부를 가져옴 */                   ,b.use_yn                   ,b.reg_id                   ,b.reg_dt                   ,b.upd_id                   ,b.user_nm                    ,c.code_nm                   ,b.status                   ,b.as_status                   ,b.read_auth                   ,b.upd_dt                   ,p.nickname                   ,(SELECT COUNT(1) FROM tz_board_recommend WHERE board_no = b.board_no) AS recom_cnt                   ,(SELECT SUM(download_cnt) FROM ishomedb.tz_board_file_seq WHERE upload_seq = b.file_seq) AS down_cnt                   ,(SELECT COUNT(1) FROM tz_board_comment WHERE board_no = b.board_no) AS board_cnt                   ,(SELECT COUNT(1) FROM ishomedb.tz_board WHERE upper_no = b.upper_no) AS count_no /* 게시물 답변 갯수 */                   ,b.sub_category_no             FROM ishomedb.tz_board b             LEFT JOIN ishomedb.tz_member m             ON b.reg_id = m.user_id             LEFT JOIN ishomedb.tz_member mu             ON b.upd_id = mu.user_id             LEFT JOIN ishomedb.tz_code c             ON b.main_team = c.code_no             AND c.code_gbn = '10168'             LEFT JOIN ishomedb.tz_board_master bm             ON b.master_no = bm.master_no             AND bm.master_no = '70'             LEFT JOIN ishomedb.tz_profile p             ON b.reg_id = p.reg_id                           INNER JOIN (SELECT @rownum := 0) rownum                                                    WHERE  IFNULL(b.top_yn, 'N') = 'N'                                                    AND b.master_no = '70'                                                                                                                                                                                             AND (b.use_yn != 'N' OR b.use_yn = '' OR b.use_yn IS NULL) /* 답변글일 경우 상위 글의 공개 여부를 가져옴 */                                  ORDER BY b.upper_no, b.ref_sort                             LIMIT 0, 10             )         ) x         LEFT OUTER JOIN tz_member mem         ON x.reg_id = mem.user_id         LEFT OUTER JOIN tz_member upd         ON x.upd_id = upd.user_id         INNER JOIN tz_board upb         ON ABS(x.upper_no) = upb.board_no                       ORDER BY nm, upper_no, ref_sort; "
2015-05-03 06:08:41,ishome[ishome],192.168.150.75,7.549174,0.001081,0,0,"SELECT x.board_num               ,ADDDATE(DATE_FORMAT(x.reg_dt, '%Y%m%d'), x.new_days) - DATE_FORMAT(NOW(), '%Y%m%d') AS new_day               ,x.nm /* 게시글구분 - 1(공지글), 2(게시글) */               ,x.master_no               ,x.board_no               ,x.category_no               ,x.upper_no               ,x.ref_sort /* 답변정렬순서 */               ,x.ref_lvl /* 답변 레벨 */               ,x.title               ,x.content               ,x.top_yn /* 최상단 표시 여부 */               ,x.use_yn               ,x.summary               ,x.file_attach_cnt               ,IFNULL(x.read_cnt, 0) AS read_cnt               ,x.view_gbn /* 공개여부 */               ,x.reg_id               ,x.reg_dt               ,DATE_FORMAT(x.reg_dt, '%Y.%m.%d')as reg_date               ,x.user_nm               ,upd.nm_kor as nm_kor_upd               ,x.main_team               ,x.status /* 처리상황 */               ,x.as_status /* AS증상 */               ,(SELECT category_nm FROM ishomedb.tz_board_category WHERE category_no = x.category_no AND master_no = x.master_no) AS category_nm               ,(SELECT sort FROM ishomedb.tz_board_category WHERE category_no = x.category_no AND master_no = x.master_no) AS sort               ,mem.nm_kor               ,mem.login_id               ,mem.addr1               ,x.count_no /* 게시물 답변 갯수 */               ,x.recom_cnt               ,x.down_cnt               ,(SELECT DISTINCT upload_seq FROM ishomedb.tz_education_column_simage_file_seq WHERE upload_seq = x.sub_thumbnail_file_seq) AS sub_thumbnail_upload_seq /* 메인 썸네일 업로드 일련번호 */               ,(SELECT DISTINCT file_seq FROM ishomedb.tz_education_column_simage_file_seq WHERE upload_seq = x.sub_thumbnail_file_seq) AS sub_thumbnail_file_seq /* 메인 썸네일 파일 일련번호 */               ,upb.reg_id AS upper_reg_id               ,x.board_cnt               ,x.nickname               ,x.read_auth               ,x.sub_category_no               ,DATE_FORMAT(x.upd_dt, '%Y.%m.%d') as upd_date               ,x.upd_dt         FROM (             SELECT 1 AS nm                   ,NULL AS board_num                              ,bm.new_days                   ,b.master_no                   ,b.board_no                   ,b.category_no                   ,b.upper_no                   ,b.ref_sort                   ,b.ref_lvl                   ,b.title                   ,b.content                    ,b.top_yn                   ,b.summary                   ,b.file_seq                   ,b.file_attach_cnt                   ,b.sub_thumbnail_file_seq                   ,b.read_cnt                   ,b.view_gbn                   ,b.use_yn                   ,b.reg_id                   ,b.reg_dt                   ,b.upd_id                   ,b.user_nm                   ,c.code_nm as main_team                   ,b.status                   ,b.as_status                   ,b.read_auth                   ,b.upd_dt                   ,p.nickname                   ,(SELECT COUNT(1) FROM tz_board_recommend WHERE board_no = b.board_no) AS recom_cnt                   ,(SELECT SUM(download_cnt) FROM ishomedb.tz_board_file_seq WHERE upload_seq = b.file_seq) AS down_cnt                   ,(SELECT COUNT(1) FROM tz_board_comment WHERE board_no = b.board_no) AS board_cnt                   ,(SELECT COUNT(1) FROM ishomedb.tz_board WHERE upper_no = b.upper_no) AS count_no /* 게시물 답변 갯수 */                   ,b.sub_category_no             FROM ishomedb.tz_board b             LEFT JOIN ishomedb.tz_code c             ON b.main_team = c.code_no             AND c.code_gbn = '10168'             LEFT OUTER JOIN ishomedb.tz_board_master bm             ON b.master_no = bm.master_no             LEFT JOIN ishomedb.tz_profile p             ON b.reg_id = p.reg_id             WHERE b.top_yn = 'Y'                  AND b.master_no = '5'                      UNION ALL                      (SELECT 2 AS nm                             ,'-' AS board_num                                  ,bm.new_days                   ,b.master_no                   ,b.board_no                   ,b.category_no                   ,b.upper_no                   ,b.ref_sort                   ,b.ref_lvl                   ,b.title                   ,b.content                        ,b.top_yn                   ,b.summary                   ,b.file_seq                   ,b.file_attach_cnt                   ,b.sub_thumbnail_file_seq                   ,b.read_cnt                   ,IF(ref_lvl >= 1, (                       SELECT view_gbn FROM ishomedb.tz_board WHERE board_no = ABS(b.upper_no)                    ), view_gbn) AS view_gbn /* 답변글일 경우 상위 글의 공개 여부를 가져옴 */                   ,b.use_yn                   ,b.reg_id                   ,b.reg_dt                   ,b.upd_id                   ,b.user_nm                    ,c.code_nm                   ,b.status                   ,b.as_status                   ,b.read_auth                   ,b.upd_dt                   ,p.nickname                   ,(SELECT COUNT(1) FROM tz_board_recommend WHERE board_no = b.board_no) AS recom_cnt                   ,(SELECT SUM(download_cnt) FROM ishomedb.tz_board_file_seq WHERE upload_seq = b.file_seq) AS down_cnt                   ,(SELECT COUNT(1) FROM tz_board_comment WHERE board_no = b.board_no) AS board_cnt                   ,(SELECT COUNT(1) FROM ishomedb.tz_board WHERE upper_no = b.upper_no) AS count_no /* 게시물 답변 갯수 */                   ,b.sub_category_no             FROM ishomedb.tz_board b             LEFT JOIN ishomedb.tz_member m             ON b.reg_id = m.user_id             LEFT JOIN ishomedb.tz_member mu             ON b.upd_id = mu.user_id             LEFT JOIN ishomedb.tz_code c             ON b.main_team = c.code_no             AND c.code_gbn = '10168'             LEFT JOIN ishomedb.tz_board_master bm             ON b.master_no = bm.master_no             AND bm.master_no = '5'             LEFT JOIN ishomedb.tz_profile p             ON b.reg_id = p.reg_id                                                                  WHERE  IFNULL(b.top_yn, 'N') = 'N'                                                            AND b.use_yn = 'Y'                                                        AND b.master_no = '5'                                                    AND b.reg_id = null                                                                                                                                                                   AND (b.use_yn != 'N' OR b.use_yn = '' OR b.use_yn IS NULL) /* 답변글일 경우 상위 글의 공개 여부를 가져옴 */                                  ORDER BY b.upper_no, b.ref_sort                             LIMIT 0, 20             )         ) x         LEFT OUTER JOIN tz_member mem         ON x.reg_id = mem.user_id         LEFT OUTER JOIN tz_member upd         ON x.upd_id = upd.user_id         INNER JOIN tz_board upb         ON ABS(x.upper_no) = upb.board_no                       ORDER BY nm, upper_no, ref_sort; "
2015-05-04 08:38:07,ishome[ishome],220.117.172.107,8.940500,0.000101,48835,11624454,"SELECT         DATE_FORMAT(sa.attendance_date, '%Y-%m') as attend_day         , sa.user_id         , count(user_id) as cnt   FROM ishomedb.tz_student_attendance sa   WHERE    DATE_FORMAT(sa.attendance_date, '%Y%m') =  '201504'   GROUP BY CONCAT(sa.user_id, DATE_FORMAT(sa.attendance_date, '%Y%m')); "
2015-05-04 08:47:57,ishome[ishome],220.117.172.107,5.675270,0.000835,18304,262024,"SELECT   co.reg_dt as 참여일시 ,sm.login_id as 학생아이디 ,sm.nm_kor as 학생이름 ,co.content as 게시글 ,stu.student_no ,stu.teacher_id ,tm.user_id ,stu.grade_gbn as 학년 ,CONCAT(sm.tel1, '-', sm.tel2, '-', sm.tel3) as 학생전화번호 ,CONCAT(sm.mobile1, '-', sm.mobile2, '-', sm.mobile3) as 학생핸드폰번호 ,CONCAT(pm.tel1, '-', pm.tel2, '-', pm.tel3) as 학부모전화번호 ,CONCAT(pm.mobile1, '-', pm.mobile2, '-', pm.mobile3) as 학부모핸드폰번호 ,ttt.team_nm AS 팀명 ,tm.nm_kor as 선생님성함 ,tm.login_id as 선생님아이디 ,uf_study_product_nm(stu.student_no) as 최근상품명  FROM tz_event_comment co  INNER JOIN tz_student stu ON co.reg_id=stu.student_id INNER JOIN tz_member sm ON stu.student_id=sm.user_id INNER JOIN tz_member pm ON sm.parent_id=pm.user_id LEFT JOIN tz_member tm ON stu.teacher_id=tm.user_id LEFT JOIN tz_teacher tt ON tm.user_id = tt.teacher_id LEFT JOIN tz_teacher_team_part ttp ON tt.part_no = ttp.part_no LEFT JOIN tz_teacher_team ttt ON ttt.team_no = ttp.team_no  where co.event_no ='120'; "
2015-05-04 09:24:38,ishome[ishome],192.168.150.40,9.580558,0.001531,8,31142,"SELECT A.student_no               ,s_user_id               ,s_user_id AS user_id /* 안드로이드 접속정보 조회용 */               ,parent_id               ,teacher_id               ,s_nm_kor               ,p_nm_kor               ,group_nm               ,team_nm               ,part_nm               ,grade_gbn               ,gender                              ,s_user_id               ,s_login_id               ,p_login_id               ,s_tel               ,s_mobile               ,blacklist_yn               ,manage_start_de               ,start_de               ,end_de               ,last_dt               ,STR_TO_DATE(SUBSTRING(student_consult_info, 1, 16), '%Y%m%d%H:%i:%s') AS student_consult_dt               ,student_gbn_code.code_nm AS student_consult_gbn               ,SUBSTRING(student_consult_info, 22) AS student_consult_content               ,STR_TO_DATE(SUBSTRING(parent_consult_info, 1, 16), '%Y%m%d%H:%i:%s') AS parent_consult_dt               ,parent_gbn_code.code_nm AS parent_consult_gbn               ,SUBSTRING(parent_consult_info, 22) AS parent_consult_content               ,status               ,product_nm               ,plan_cnt + math_plan_cnt + theme_plan_cnt AS plan_cnt               ,act_cnt + math_act_cnt + theme_act_cnt AS act_cnt               ,CASE WHEN plan_cnt + math_plan_cnt + theme_plan_cnt = 0 THEN ''                      WHEN plan_cnt + math_plan_cnt + theme_plan_cnt = act_cnt + math_act_cnt + theme_act_cnt THEN 'O'                     WHEN act_cnt + math_act_cnt + theme_act_cnt = 0 THEN 'X'                     ELSE 'U'                END AS study_status               ,product_no               ,web_start_de               ,web_end_de               ,first_login_dt                       ,  (SELECT 100*(SUM(CASE WHEN act.clear_dt IS NULL THEN 0 ELSE 1 END)/COUNT(lpm.module_no))                 FROM ishomedb.tz_lms_plan_module lpm                 LEFT OUTER JOIN ishomedb.tz_lms_act_module act                 ON lpm.student_no = act.student_no                 AND lpm.plan_de = act.plan_de                 AND lpm.module_no = act.module_no                 WHERE lpm.student_no = A.student_no                     AND lpm.plan_de >= '2015.04.28'                     AND lpm.plan_de <= '2015.05.04'                 GROUP BY lpm.student_no                ) AS act_rate_week                 ,  (SELECT 100*(SUM(CASE WHEN act.clear_dt IS NULL THEN 0 ELSE 1 END)/COUNT(lpm.module_no))                 FROM ishomedb.tz_lms_plan_module lpm                 LEFT OUTER JOIN ishomedb.tz_lms_act_module act                 ON lpm.student_no = act.student_no                 AND lpm.plan_de = act.plan_de                 AND lpm.module_no = act.module_no                 WHERE lpm.student_no = A.student_no                     AND lpm.plan_de >= '2015.04.05'                     AND lpm.plan_de <= '2015.05.04'                 GROUP BY lpm.student_no                ) AS act_rate_month                  ,cp_reg_dt                   ,              (SELECT stat_day26 FROM tz_stat_lms_study_complete_mgnt WHERE student_no = A.student_no AND plan_month = '2015-04')                      as stat_day1         ,              (SELECT stat_day27 FROM tz_stat_lms_study_complete_mgnt WHERE student_no = A.student_no AND plan_month = '2015-04')                      as stat_day2         ,              (SELECT stat_day28 FROM tz_stat_lms_study_complete_mgnt WHERE student_no = A.student_no AND plan_month = '2015-04')                      as stat_day3         ,              (SELECT stat_day29 FROM tz_stat_lms_study_complete_mgnt WHERE student_no = A.student_no AND plan_month = '2015-04')                      as stat_day4         ,              (SELECT stat_day30 FROM tz_stat_lms_study_complete_mgnt WHERE student_no = A.student_no AND plan_month = '2015-04')                      as stat_day5         ,              (SELECT stat_day1 FROM tz_stat_lms_study_complete_mgnt WHERE student_no = A.student_no AND plan_month = '2015-05')                      as stat_day6         ,              (SELECT stat_day2 FROM tz_stat_lms_study_complete_mgnt WHERE student_no = A.student_no AND plan_month = '2015-05')                      as stat_day7         ,              (SELECT stat_day3 FROM tz_stat_lms_study_complete_mgnt WHERE student_no = A.student_no AND plan_month = '2015-05')                      as stat_day8         ,              (SELECT stat_day4 FROM tz_stat_lms_study_complete_mgnt WHERE student_no = A.student_no AND plan_month = '2015-05')                      as stat_day9         ,              '-'                       as stat_day10         ,              '-'                       as stat_day11         ,                         '-'                       as stat_day12         ,                         '-'                      as stat_day13         ,              '-'                       as stat_day14                                FROM (             SELECT s.user_id AS s_user_id                 ,s.nm_kor AS s_nm_kor                 ,s.parent_id                 ,s.login_id AS s_login_id                 ,p.user_id AS p_user_id                 ,p.nm_kor AS p_nm_kor                 ,p.login_id AS p_login_id                 ,s.blacklist_yn                 ,CONCAT(s.tel1, '-', s.tel2, '-', s.tel3) AS s_tel                 ,CONCAT(s.mobile1, '-', s.mobile2, '-', s.mobile3) AS s_mobile                                ,CASE WHEN s.gender = 'M' THEN '남'                       WHEN s.gender = 'F' THEN '여'                       ELSE '-'                  END AS gender                                ,IFNULL((SELECT group_nm FROM ishomedb.tz_student_group WHERE group_no = stu.group_no), '미지정') AS group_nm                 ,stu.student_no                 ,stu.teacher_id                 ,ttt.team_nm                 ,ttp.part_nm                 ,stu.grade_gbn                 ,CASE WHEN s.user_gbn_cls = '10004' THEN   /* 안드로이드 사용자 접속 정보. 이영무 */                             'Android'                       WHEN COALESCE(cs.user_id, -1) > 0 THEN 'ON'                       ELSE 'OFF'                  END AS status                 ,s.user_gbn_cls /* 안드로이드 사용자 구분용. 이영무 */                 ,(SELECT MAX(login_dt) FROM ishomedb.tz_connect_log WHERE user_id = stu.student_id) AS last_dt                 ,                  (                   SELECT                    MAX(CONCAT(DATE_FORMAT(consult_org_dt, '%Y%m%d%H:%i:%s'), IFNULL(consult_gbn, 'ZZZZZ'), substring(content, 1, 30) ))                    FROM ishomedb.tz_lms_consult con                      WHERE student_no = stu.student_no                          AND target_id=s.user_id                         AND content IS NOT NULL                 ) AS student_consult_info                 ,                 (                   SELECT                    MAX(CONCAT(DATE_FORMAT(consult_org_dt, '%Y%m%d%H:%i:%s'), IFNULL(consult_gbn, 'ZZZZZ'), substring(content, 1, 30) ))                    FROM ishomedb.tz_lms_consult                       WHERE student_no = stu.student_no                          AND target_id=p.user_id                         AND content IS NOT NULL                 ) AS parent_consult_info                 ,IFNULL(stu.manage_start_de, '9999.99.99') AS manage_start_de                 ,DATE_FORMAT(stu.start_de, '%Y.%m.%d') AS start_de                 ,DATE_FORMAT(stu.end_de, '%Y.%m.%d') AS end_de                 ,ishomedb.uf_study_product_nm(stu.student_no) as product_nm                 ,COUNT(DISTINCT lpm.module_no) AS plan_cnt                 ,COUNT(DISTINCT lph.category_no) AS math_plan_cnt                 ,COUNT(DISTINCT lpt.material_no) AS theme_plan_cnt                 ,COUNT(DISTINCT lam.clear_dt) AS act_cnt                 ,COUNT(DISTINCT lph.clear_dt) AS math_act_cnt                 ,COUNT(DISTINCT lpt.clear_dt) AS theme_act_cnt                 ,pur.product_no                 ,DATE_FORMAT(stu.web_start_de, '%Y.%m.%d') AS web_start_de                 ,DATE_FORMAT(stu.web_end_de, '%Y.%m.%d') AS web_end_de                 ,(SELECT DATE_FORMAT(MIN(login_dt), '%Y.%m.%d %H:%i:%s') FROM tz_connect_log WHERE user_id = s.user_id) AS first_login_dt                 ,(SELECT reg_dt  				 	FROM ishomedb.tz_complain  					WHERE  						student_id = stu.student_id  						AND use_yn = 'Y'  					ORDER BY idx DESC  					LIMIT 1) AS cp_reg_dt             FROM ishomedb.tz_student stu             INNER JOIN ishomedb.tz_purchase_student pch             ON pch.temp_student_no = stu.student_no             INNER JOIN ishomedb.tz_purchase pur             ON pur.purchase_no = pch.purchase_no             INNER JOIN tz_product pd             ON pur.product_no = pd.product_no                               AND pd.service_com_yn = 'Y'                               INNER JOIN ishomedb.tz_member s             ON stu.student_id = s.user_id             INNER JOIN ishomedb.tz_member p             ON p.user_id = s.parent_id             INNER JOIN ishomedb.tz_teacher d             ON d.teacher_id = stu.teacher_id             LEFT OUTER JOIN ishomedb.tz_teacher_team_part ttp             ON ttp.part_no = d.part_no             LEFT OUTER JOIN ishomedb.tz_teacher_team ttt             ON ttt.team_no = ttp.team_no                     LEFT OUTER JOIN ishomedb.tz_connect_session cs             ON cs.user_id = s.user_id             LEFT OUTER JOIN ishomedb.tz_lms_plan_module lpm             ON lpm.student_no = stu.student_no             AND DATE_FORMAT(DATE_ADD(NOW(), INTERVAL -1 DAY), '%Y%m%d') = DATE_FORMAT(lpm.plan_de, '%Y%m%d')             LEFT OUTER JOIN ishomedb.tz_lms_module lm             ON lm.module_no = lpm.module_no             LEFT OUTER JOIN ishomedb.tz_lms_act_module lam             ON lam.module_no = lm.module_no             AND lpm.plan_de = lam.plan_de             AND lpm.student_no = lam.student_no             LEFT OUTER JOIN ishomedb.tz_lcms_study_lesson lsl             ON lsl.subj_lesson_no = lm.subj_lesson_no             LEFT OUTER JOIN ishomedb.tz_lcms_plan_math lph             ON lpm.student_no = lph.student_no             AND lpm.plan_de = lph.plan_de             LEFT OUTER JOIN ishomedb.tz_lms_plan_theme lpt             ON lpm.student_no = lpt.student_no             AND lpm.plan_de = lpt.plan_de                                WHERE 1=1             AND IFNULL(s.user_gbn_cls, '10001') != '10002'             AND IFNULL(p.user_gbn_cls, '10001') != '10002'                                         AND IFNULL(stu.end_de, NOW())  >=  DATE_FORMAT(NOW(), '%Y-%m-%d')                                                                                                                 AND s.nm_kor LIKE CONCAT('정지훈', '%')                                                                                                                                                                                                                         GROUP BY student_no         ) A         LEFT OUTER JOIN tz_code student_gbn_code ON student_gbn_code.code_gbn = '10130' AND student_gbn_code.code_no = SUBSTRING(student_consult_info, 17, 5)         LEFT OUTER JOIN tz_code parent_gbn_code ON parent_gbn_code.code_gbn = '10130' AND parent_gbn_code.code_no = SUBSTRING(parent_consult_info, 17, 5)                    ORDER BY manage_start_de DESC                                                                                                                                                                                                                            LIMIT   0, 100; "
2015-05-04 09:28:45,ishome[ishome],220.117.172.107,6.637917,0.000808,23412,313189,"select ph.history_no,  sm.user_id as sid,  sm.login_id as 학생아이디,  sm.nm_kor as 학생이름, stu.grade_gbn as 학년, pg.point_nm as 지급포인트이름,  ph.point as 지급포인트액수, ph.reg_dt AS 지급일시, ttt.team_nm AS 팀명, tm.nm_kor as 선생님성함, tm.login_id as 선생님아이디, uf_study_product_nm(stu.student_no) as 최근상품명 from tz_point_history ph inner join tz_member sm on ph.student_id=sm.user_id inner join tz_student stu on ph.student_id=stu.student_id inner join tz_member tm on stu.teacher_id = tm.user_id inner join tz_teacher tt on tm.user_id = tt.teacher_id inner join tz_teacher_team_part ttp on tt.part_no = ttp.part_no inner JOIN tz_teacher_team ttt ON ttt.team_no = ttp.team_no inner join tz_point_guide pg on ph.guide_no=pg.guide_no where ph.reg_dt>='2015-02-01 00:00:00' and ph.reg_dt < '2015-05-01 00:00:00' and ph.guide_no = 134; "
2015-05-06 08:48:42,ishome[ishome],192.168.150.75,5.507994,0.001125,30,151664,"SELECT x.board_num               ,ADDDATE(DATE_FORMAT(x.reg_dt, '%Y%m%d'), x.new_days) - DATE_FORMAT(NOW(), '%Y%m%d') AS new_day               ,x.nm /* 게시글구분 - 1(공지글), 2(게시글) */               ,x.master_no               ,x.board_no               ,x.category_no               ,x.upper_no               ,x.ref_sort /* 답변정렬순서 */               ,x.ref_lvl /* 답변 레벨 */               ,x.title               ,x.content               ,x.top_yn /* 최상단 표시 여부 */               ,x.use_yn               ,x.summary               ,x.file_attach_cnt               ,IFNULL(x.read_cnt, 0) AS read_cnt               ,x.view_gbn /* 공개여부 */               ,x.reg_id               ,x.reg_dt               ,DATE_FORMAT(x.reg_dt, '%Y.%m.%d')as reg_date               ,x.user_nm               ,upd.nm_kor as nm_kor_upd               ,x.main_team               ,x.status /* 처리상황 */               ,x.as_status /* AS증상 */               ,(SELECT category_nm FROM ishomedb.tz_board_category WHERE category_no = x.category_no AND master_no = x.master_no) AS category_nm               ,(SELECT sort FROM ishomedb.tz_board_category WHERE category_no = x.category_no AND master_no = x.master_no) AS sort               ,mem.nm_kor               ,mem.login_id               ,mem.addr1               ,x.count_no /* 게시물 답변 갯수 */               ,x.recom_cnt               ,x.down_cnt               ,(SELECT DISTINCT upload_seq FROM ishomedb.tz_education_column_simage_file_seq WHERE upload_seq = x.sub_thumbnail_file_seq) AS sub_thumbnail_upload_seq /* 메인 썸네일 업로드 일련번호 */               ,(SELECT DISTINCT file_seq FROM ishomedb.tz_education_column_simage_file_seq WHERE upload_seq = x.sub_thumbnail_file_seq) AS sub_thumbnail_file_seq /* 메인 썸네일 파일 일련번호 */               ,upb.reg_id AS upper_reg_id               ,x.board_cnt               ,x.nickname               ,x.read_auth               ,x.sub_category_no               ,DATE_FORMAT(x.upd_dt, '%Y.%m.%d') as upd_date               ,x.upd_dt         FROM (             SELECT 1 AS nm                   ,NULL AS board_num                              ,bm.new_days                   ,b.master_no                   ,b.board_no                   ,b.category_no                   ,b.upper_no                   ,b.ref_sort                   ,b.ref_lvl                   ,b.title                   ,b.content                    ,b.top_yn                   ,b.summary                   ,b.file_seq                   ,b.file_attach_cnt                   ,b.sub_thumbnail_file_seq                   ,b.read_cnt                   ,b.view_gbn                   ,b.use_yn                   ,b.reg_id                   ,b.reg_dt                   ,b.upd_id                   ,b.user_nm                   ,c.code_nm as main_team                   ,b.status                   ,b.as_status                   ,b.read_auth                   ,b.upd_dt                   ,p.nickname                   ,(SELECT COUNT(1) FROM tz_board_recommend WHERE board_no = b.board_no) AS recom_cnt                   ,(SELECT SUM(download_cnt) FROM ishomedb.tz_board_file_seq WHERE upload_seq = b.file_seq) AS down_cnt                   ,(SELECT COUNT(1) FROM tz_board_comment WHERE board_no = b.board_no) AS board_cnt                   ,(SELECT COUNT(1) FROM ishomedb.tz_board WHERE upper_no = b.upper_no) AS count_no /* 게시물 답변 갯수 */                   ,b.sub_category_no             FROM ishomedb.tz_board b             LEFT JOIN ishomedb.tz_code c             ON b.main_team = c.code_no             AND c.code_gbn = '10168'             LEFT OUTER JOIN ishomedb.tz_board_master bm             ON b.master_no = bm.master_no             LEFT JOIN ishomedb.tz_profile p             ON b.reg_id = p.reg_id             WHERE b.top_yn = 'Y'                  AND b.master_no = '180'                      UNION ALL                      (SELECT 2 AS nm                             ,((          SELECT COUNT(b.board_no)         FROM ishomedb.tz_board b         LEFT JOIN tz_member m         ON b.reg_id = m.user_id         LEFT JOIN tz_member mu         ON b.upd_id = mu.user_id         LEFT JOIN tz_code c         ON b.main_team = c.code_no         AND c.code_gbn = '10168'         LEFT JOIN ishomedb.tz_profile p         ON b.reg_id = p.reg_id         INNER JOIN tz_board upb         ON ABS(b.upper_no) = upb.board_no                    WHERE  IFNULL(b.top_yn, 'N') = 'N'                                                    AND b.master_no = '180'                                                                                      /* 기간  start */             AND DATE_FORMAT(b.reg_dt,'%Y.%m.%d')  >=  DATE_FORMAT('2015.02.05', '%Y.%m.%d')                           /* 기간  end */             AND DATE_FORMAT(b.reg_dt,'%Y.%m.%d')  <=  DATE_FORMAT('2015.05.06', '%Y.%m.%d')             ) - 0 - (@rownum := @rownum + 1)) + 1 AS board_num /*게시글일련번호*/                                  ,bm.new_days                   ,b.master_no                   ,b.board_no                   ,b.category_no                   ,b.upper_no                   ,b.ref_sort                   ,b.ref_lvl                   ,b.title                   ,b.content                        ,b.top_yn                   ,b.summary                   ,b.file_seq                   ,b.file_attach_cnt                   ,b.sub_thumbnail_file_seq                   ,b.read_cnt                   ,IF(ref_lvl >= 1, (                       SELECT view_gbn FROM ishomedb.tz_board WHERE board_no = ABS(b.upper_no)                    ), view_gbn) AS view_gbn /* 답변글일 경우 상위 글의 공개 여부를 가져옴 */                   ,b.use_yn                   ,b.reg_id                   ,b.reg_dt                   ,b.upd_id                   ,b.user_nm                    ,c.code_nm                   ,b.status                   ,b.as_status                   ,b.read_auth                   ,b.upd_dt                   ,p.nickname                   ,(SELECT COUNT(1) FROM tz_board_recommend WHERE board_no = b.board_no) AS recom_cnt                   ,(SELECT SUM(download_cnt) FROM ishomedb.tz_board_file_seq WHERE upload_seq = b.file_seq) AS down_cnt                   ,(SELECT COUNT(1) FROM tz_board_comment WHERE board_no = b.board_no) AS board_cnt                   ,(SELECT COUNT(1) FROM ishomedb.tz_board WHERE upper_no = b.upper_no) AS count_no /* 게시물 답변 갯수 */                   ,b.sub_category_no             FROM ishomedb.tz_board b             LEFT JOIN ishomedb.tz_member m             ON b.reg_id = m.user_id             LEFT JOIN ishomedb.tz_member mu             ON b.upd_id = mu.user_id             LEFT JOIN ishomedb.tz_code c             ON b.main_team = c.code_no             AND c.code_gbn = '10168'             LEFT JOIN ishomedb.tz_board_master bm             ON b.master_no = bm.master_no             AND bm.master_no = '180'             LEFT JOIN ishomedb.tz_profile p             ON b.reg_id = p.reg_id                           INNER JOIN (SELECT @rownum := 0) rownum                                                    WHERE  IFNULL(b.top_yn, 'N') = 'N'                                                    AND b.master_no = '180'                                                                                      /* 기간  start */             AND DATE_FORMAT(b.reg_dt,'%Y.%m.%d')  >=  DATE_FORMAT('2015.02.05', '%Y.%m.%d')                           /* 기간  end */             AND DATE_FORMAT(b.reg_dt,'%Y.%m.%d')  <=  DATE_FORMAT('2015.05.06', '%Y.%m.%d')                                  ORDER BY b.upper_no, b.ref_sort                             LIMIT 0, 30             )         ) x         LEFT OUTER JOIN tz_member mem         ON x.reg_id = mem.user_id         LEFT OUTER JOIN tz_member upd         ON x.upd_id = upd.user_id         INNER JOIN tz_board upb         ON ABS(x.upper_no) = upb.board_no                       ORDER BY nm, upper_no, ref_sort; "
2015-05-06 08:51:36,ishome[ishome],220.117.172.107,5.349620,0.000258,215078,935665,"SELECT  p_mem.nm_kor as 학부모명 ,p_mem.login_id as 학부모아이디 ,p_mem.user_id as 학부모회원번호 ,p_mem.email as 학부모이메일주소 -- ,CONCAT(p_mem.mobile1,'-',p_mem.mobile2,'-',p_mem.mobile3) as 학부모휴대전화번호 ,date_format(p_mem.reg_dt, '%Y-%m-%d') as 학부모회원가입일 FROM ishomedb.tz_member p_mem LEFT JOIN ishomedb.tz_manager mng ON p_mem.user_id = mng.manager_id WHERE p_mem.mailing_yn = 'Y' AND p_mem.email is not null AND IFNULL(p_mem.del_yn, 'N') = 'N' AND p_mem.user_gbn = '10002' AND mng.auth_gbn IS NULL AND p_mem.user_id NOT IN (   SELECT user_id   FROM ishomedb.tz_member p_mem2   INNER JOIN ishomedb.tz_purchase tp ON tp.purchase_id = p_mem2.user_id AND tp.status_gbn != '10010'    AND date_format(tp.end_de, '%Y%m%d') >= date_format(NOW(), '%Y%m%d')   INNER JOIN tz_product prdt   ON prdt.product_no=tp.product_no AND prdt.service_experience_yn='N'   LEFT JOIN ishomedb.tz_manager mng ON p_mem2.user_id = mng.manager_id   WHERE p_mem2.mailing_yn = 'Y'   AND p_mem2.email is not null   AND IFNULL(p_mem2.del_yn, 'N') = 'N'   AND p_mem2.user_gbn = '10002' ); "
2015-05-06 08:57:00,ishome[ishome],220.117.172.107,5.913598,0.000206,520,520,"SHOW TABLE STATUS FROM ishomedb; "
2015-05-06 09:10:21,ishome[ishome],220.117.172.107,10.138015,0.000386,42616,11943088,"SELECT                  v.data1 as 출석년월         , sm.user_id as sid         , sm.nm_kor as 학생이름         , sm.login_id as 학생아이디         , sm.reg_dt as 가입일         , ps.first_start_de as 학습최초시작일         , stu.start_de as 학습시작일         , pro.product_nm as 상품명         , DATE_FORMAT(LAST_DAY(concat(v.data1, '-01')), '%e') as 월총일수         , v.data3 as 월출석수         , CONCAT(  truncate ( v.data3/DATE_FORMAT(LAST_DAY(concat(v.data1, '-01')), '%e')* 100 ,2), '%')  as 월출석율                  FROM ishomedb.tz_purchase_student ps          INNER JOIN ishomedb.tz_student stu on ps.student_id=stu.student_id         INNER JOIN ishomedb.tz_member sm on stu.student_id=sm.user_id                  INNER JOIN                 (         SELECT         DATE_FORMAT(sa.attendance_date, '%Y-%m') as data1         , sa.user_id as data2         , count(user_id) as data3          FROM ishomedb.tz_student_attendance sa           WHERE            DATE_FORMAT(sa.attendance_date, '%Y%m') =  '201504'            GROUP BY CONCAT(sa.user_id, DATE_FORMAT(sa.attendance_date, '%Y%m'))         )v on stu.student_id=v.data2                  inner join tz_purchase pur on ps.purchase_no=pur.purchase_no         inner join tz_product pro on pur.product_no=pro.product_no and pro.product_no!=15               AND pro.service_experience_yn='N'  /* 유료학습자*/               -- AND pro.service_experience_yn='Y'  /* 체험학습자*/; "
2015-05-06 09:11:49,ishome[ishome],220.117.172.107,9.449769,0.000290,3840,11904330,"SELECT                  v.data1 as 출석년월         , sm.user_id as sid         , sm.nm_kor as 학생이름         , sm.login_id as 학생아이디         , sm.reg_dt as 가입일         , ps.first_start_de as 학습최초시작일         , stu.start_de as 학습시작일         , pro.product_nm as 상품명         , DATE_FORMAT(LAST_DAY(concat(v.data1, '-01')), '%e') as 월총일수         , v.data3 as 월출석수         , CONCAT(  truncate ( v.data3/DATE_FORMAT(LAST_DAY(concat(v.data1, '-01')), '%e')* 100 ,2), '%')  as 월출석율                  FROM ishomedb.tz_purchase_student ps          INNER JOIN ishomedb.tz_student stu on ps.student_id=stu.student_id         INNER JOIN ishomedb.tz_member sm on stu.student_id=sm.user_id                  INNER JOIN                 (         SELECT         DATE_FORMAT(sa.attendance_date, '%Y-%m') as data1         , sa.user_id as data2         , count(user_id) as data3          FROM ishomedb.tz_student_attendance sa           WHERE            DATE_FORMAT(sa.attendance_date, '%Y%m') =  '201504'            GROUP BY CONCAT(sa.user_id, DATE_FORMAT(sa.attendance_date, '%Y%m'))         )v on stu.student_id=v.data2                  inner join tz_purchase pur on ps.purchase_no=pur.purchase_no         inner join tz_product pro on pur.product_no=pro.product_no and pro.product_no!=15               -- AND pro.service_experience_yn='N'  /* 유료학습자*/               AND pro.service_experience_yn='Y'  /* 체험학습자*/; "
2015-05-06 11:13:26,root[root],220.117.172.107,15.754410,0.000368,6,18814892,"SELECT             POINT             , COMMENT             , reg_dt             , show_yn             , top_yn             , nm_kor             , login_id         FROM             (                           (SELECT                 tph.point                 , uf_common_replaceHTML(tph.comment) AS COMMENT                 , DATE_FORMAT(tph.reg_dt,'%y.%m.%d') AS reg_dt                 , tph.show_yn                 , tph.top_yn                 , tm.nm_kor                 , tm.login_id             FROM                 ishomedb.tz_point_history tph   --                                  USE INDEX ( ix_point_history_bulletin_board) --                                  FORCE INDEX ( Primary)                 	INNER JOIN                  	ishomedb.tz_member tm ON tph.student_id = tm.user_id                 	                                      WHERE tph.guide_no = '83'                 AND tph.comment IS NOT NULL                 AND tph.show_yn = 'Y'                           ORDER BY tph.history_no DESC             LIMIT 0, 6             ))             history LIMIT 0, 1000; "
2015-05-06 11:13:42,root[root],220.117.172.107,15.659340,0.000173,3,18814901,"EXPLAIN  SELECT             POINT             , COMMENT             , reg_dt             , show_yn             , top_yn             , nm_kor             , login_id         FROM             (                           (SELECT                 tph.point                 , uf_common_replaceHTML(tph.comment) AS COMMENT                 , DATE_FORMAT(tph.reg_dt,'%y.%m.%d') AS reg_dt                 , tph.show_yn                 , tph.top_yn                 , tm.nm_kor                 , tm.login_id             FROM                 ishomedb.tz_point_history tph   --                                  USE INDEX ( ix_point_history_bulletin_board) --                                  FORCE INDEX ( Primary)                 	INNER JOIN                  	ishomedb.tz_member tm ON tph.student_id = tm.user_id                 	                                      WHERE tph.guide_no = '83'                 AND tph.comment IS NOT NULL                 AND tph.show_yn = 'Y'                           ORDER BY tph.history_no DESC             LIMIT 0, 6             ))             history LIMIT 0, 1000; "
2015-05-06 17:18:35,ishome[ishome],192.168.150.75,96.477346,0.002738,92,184358,"SELECT student_no               ,student_id               ,parent_id               ,teacher_id               ,group_nm               ,grade_gbn               ,gender                              ,user_id               ,login_id               ,p_login_id               ,p_nm_kor               ,nm_kor               ,tel               ,mobile               ,blacklist_yn               ,manage_start_de               ,start_de               ,end_de               ,pur_start_de               ,pur_end_de               ,product_no               ,last_dt               ,student_consult_dt               ,student_consult_gbn               ,student_consult_content               ,parent_consult_dt               ,parent_consult_gbn               ,parent_consult_content               ,product_nm               ,status               ,plan_cnt + math_plan_cnt + theme_plan_cnt AS plan_cnt               ,act_cnt + math_act_cnt + theme_act_cnt AS act_cnt               ,CASE WHEN plan_cnt + math_plan_cnt + theme_plan_cnt = 0 THEN ''                      WHEN plan_cnt + math_plan_cnt + theme_plan_cnt = act_cnt + math_act_cnt + theme_act_cnt THEN 'O'                     WHEN act_cnt + math_act_cnt + theme_act_cnt = 0 THEN 'X'                     ELSE 'U'                END AS study_status                   ,              (SELECT stat_day26 FROM tz_stat_lms_study_complete_mgnt WHERE student_no = A.student_no AND plan_month = '2015-04')                      as stat_day1         ,              (SELECT stat_day27 FROM tz_stat_lms_study_complete_mgnt WHERE student_no = A.student_no AND plan_month = '2015-04')                      as stat_day2         ,              (SELECT stat_day28 FROM tz_stat_lms_study_complete_mgnt WHERE student_no = A.student_no AND plan_month = '2015-04')                      as stat_day3         ,              (SELECT stat_day29 FROM tz_stat_lms_study_complete_mgnt WHERE student_no = A.student_no AND plan_month = '2015-04')                      as stat_day4         ,              (SELECT stat_day30 FROM tz_stat_lms_study_complete_mgnt WHERE student_no = A.student_no AND plan_month = '2015-04')                      as stat_day5         ,              (SELECT stat_day1 FROM tz_stat_lms_study_complete_mgnt WHERE student_no = A.student_no AND plan_month = '2015-05')                      as stat_day6         ,              (SELECT stat_day2 FROM tz_stat_lms_study_complete_mgnt WHERE student_no = A.student_no AND plan_month = '2015-05')                      as stat_day7         ,              (SELECT stat_day3 FROM tz_stat_lms_study_complete_mgnt WHERE student_no = A.student_no AND plan_month = '2015-05')                      as stat_day8         ,              (SELECT stat_day4 FROM tz_stat_lms_study_complete_mgnt WHERE student_no = A.student_no AND plan_month = '2015-05')                      as stat_day9         ,              (SELECT stat_day5 FROM tz_stat_lms_study_complete_mgnt WHERE student_no = A.student_no AND plan_month = '2015-05')                      as stat_day10         ,              (SELECT stat_day6 FROM tz_stat_lms_study_complete_mgnt WHERE student_no = A.student_no AND plan_month = '2015-05')                      as stat_day11         ,                         '-'                       as stat_day12         ,                         '-'                      as stat_day13         ,              '-'                       as stat_day14                       FROM (               SELECT a.student_no                   ,a.student_id                   ,c.parent_id                   ,a.teacher_id                   ,IFNULL((SELECT group_nm FROM ishomedb.tz_student_group WHERE group_no = a.group_no), '미지정') AS group_nm                   ,a.grade_gbn                   ,CASE WHEN c.gender = 'M' THEN '남'                         WHEN c.gender = 'F' THEN '여'                         ELSE '-'                   END AS gender                                  ,c.user_id                   ,c.login_id                   ,p.login_id AS p_login_id                   ,p.nm_kor AS p_nm_kor                   ,c.nm_kor                   ,CONCAT(c.tel1,'-',c.tel2,'-',c.tel3) AS tel                   ,CONCAT(c.mobile1,'-',c.mobile2,'-',c.mobile3) AS mobile                   ,c.blacklist_yn                   ,IFNULL(a.manage_start_de,'9999.99.99') as manage_start_de                   ,DATE_FORMAT(a.start_de, '%Y.%m.%d') AS start_de                   ,DATE_FORMAT(a.end_de, '%Y.%m.%d') AS end_de                   ,DATE_FORMAT(pur.start_de, '%Y.%m.%d') AS pur_start_de                   ,DATE_FORMAT(pur.end_de, '%Y.%m.%d') AS pur_end_de                   ,pur.product_no                   ,(SELECT MAX(login_dt)   FROM ishomedb.tz_connect_log WHERE user_id = a.student_id) AS last_dt                   ,(SELECT MAX(consult_org_dt) FROM ishomedb.tz_lms_consult                      WHERE student_no = a.student_no                      AND target_id=c.user_id                      AND content IS NOT NULL) AS student_consult_dt                 ,(SELECT code.code_nm                      FROM ishomedb.tz_lms_consult con                     LEFT JOIN tz_code code                     ON con.consult_gbn = code.code_no                     AND code.code_gbn = '10130'                     WHERE con.student_no = a.student_no AND target_id=c.user_id                      AND con.content IS NOT NULL                     ORDER BY con.consult_org_dt DESC                     LIMIT 1                  ) AS student_consult_gbn                 ,(SELECT substring(content, 1, 30)                      FROM ishomedb.tz_lms_consult                      WHERE student_no = a.student_no AND target_id=c.user_id                     AND content IS NOT NULL                     ORDER BY consult_org_dt DESC                     LIMIT 1                  ) AS student_consult_content                         ,(SELECT MAX(consult_org_dt) FROM ishomedb.tz_lms_consult                      WHERE student_no = a.student_no                      AND target_id=p.user_id                       AND content IS NOT NULL) AS parent_consult_dt                 ,(SELECT code.code_nm                      FROM ishomedb.tz_lms_consult con                     LEFT JOIN tz_code code                     ON con.consult_gbn = code.code_no                     AND code.code_gbn = '10130'                     WHERE con.student_no = a.student_no AND target_id=p.user_id                     AND con.content IS NOT NULL                     ORDER BY con.consult_org_dt DESC                     LIMIT 1                  ) AS parent_consult_gbn                 ,(SELECT substring(content, 1, 30)                      FROM ishomedb.tz_lms_consult                      WHERE student_no = a.student_no AND target_id=p.user_id                     AND content IS NOT NULL                     ORDER BY consult_org_dt DESC                     LIMIT 1                  ) AS parent_consult_content                   ,ishomedb.uf_study_product_nm(a.student_no) as product_nm                   ,CASE WHEN c.user_gbn_cls = '10004' THEN   /* 안드로이드 사용자 접속 정보 */                         'Android'                         WHEN COALESCE(s.user_id, -1) > 0 THEN 'ON'                          ELSE 'OFF'                     END AS status                                      ,COUNT(DISTINCT lpm.module_no) AS plan_cnt                   ,COUNT(DISTINCT lph.category_no) AS math_plan_cnt                   ,COUNT(DISTINCT lpt.material_no) AS theme_plan_cnt                   ,COUNT(DISTINCT lam.clear_dt) AS act_cnt                   ,COUNT(DISTINCT lph.clear_dt) AS math_act_cnt                   ,COUNT(DISTINCT lpt.clear_dt) AS theme_act_cnt                   ,tee.app_reason             FROM ishomedb.tz_student a                             	            INNER JOIN ishomedb.tz_purchase_student pch 	            ON a.student_no = pch.temp_student_no 	            INNER JOIN ishomedb.tz_purchase pur 	            ON pch.purchase_no = pur.purchase_no 	            INNER JOIN tz_product pd 	            ON pur.product_no = pd.product_no 	                                        AND pd.service_com_yn = 'Y'                               INNER JOIN ishomedb.tz_member c             ON a.student_id = c.user_id             INNER JOIN ishomedb.tz_member p             ON p.user_id = c.parent_id             INNER JOIN ishomedb.tz_teacher d             ON a.teacher_id = d.teacher_id             LEFT OUTER JOIN ishomedb.tz_connect_session s             ON a.student_id = s.user_id             LEFT OUTER JOIN ishomedb.tz_lms_plan_module lpm             ON lpm.student_no = a.student_no             AND DATE_FORMAT(DATE_ADD(NOW(), INTERVAL -1 DAY), '%Y%m%d') = DATE_FORMAT(lpm.plan_de, '%Y%m%d')             LEFT OUTER JOIN ishomedb.tz_lms_module lm             ON lm.module_no = lpm.module_no             LEFT OUTER JOIN ishomedb.tz_lms_act_module lam             ON lam.module_no = lm.module_no             AND lpm.plan_de = lam.plan_de             AND lpm.student_no = lam.student_no             LEFT OUTER JOIN ishomedb.tz_lcms_study_lesson lsl             ON lsl.subj_lesson_no = lm.subj_lesson_no             LEFT OUTER JOIN ishomedb.tz_lcms_plan_math lph             ON lpm.student_no = lph.student_no             AND lpm.plan_de = lph.plan_de             LEFT OUTER JOIN ishomedb.tz_lms_plan_theme lpt             ON lpm.student_no = lpt.student_no             AND lpm.plan_de = lpt.plan_de             LEFT OUTER JOIN ishomedb.tz_experience tee              ON tee.purchase_no = pur.purchase_no and tee.parent_id = pur.purchase_no and tee.student_id = pur.student_id                            WHERE               c.search_yn = 'Y'             AND a.teacher_id = 316952             AND IFNULL(c.user_gbn_cls, '10001') != '10002'                                	             	              	                AND ( 	                    a.end_de is not null 	                    AND 	                    date_format(a.end_de, '%Y%m%d')   >=   date_format(NOW(), '%Y%m%d') 	                )  	                  	                                                                                                                                                                                                                                              GROUP BY a.student_no         ) A           ORDER BY manage_start_de DESC; "
